,FREQ,SNP,average_freq,avian_or_mammalian,adaptive?
0,0.014,HA_C140T_A47V,0.014,not_found,#ffffff00
1,0.0194,HA_G194A_R65K,0.01795,avian,#ffffff00
2,0.0556,HA_C236T_T79I,0.05086666666666667,mammalian,#ffffff00
3,0.8809999999999999,HA_G410A_G137E,0.79965,avian,#ffffff00
4,0.013000000000000001,HA_G416T_R139I,0.0134,not_found,#ffffff00
5,0.0274,HA_G416A_R139K,0.03296,avian,#ffffff00
6,0.0976,HA_C419T_T140I,0.06576666666666668,avian,#ffffff00
7,0.2052,HA_A421G_N141D,0.36329375,mammalian,#ffffff00
8,0.2636,HA_G427A_A143T,0.15342857142857141,mammalian,#F4BB47
9,0.0167,HA_A442G_R148G,0.0167,mammalian,#ffffff00
10,0.0238,HA_G452A_G151E,0.03963333333333333,avian,#ffffff00
11,0.0237,HA_A491G_N164S,0.0174,mammalian,#ffffff00
12,0.2498,HA_A499G_N167D,0.41971249999999993,avian,#ffffff00
13,0.3127,HA_C503T_A168V,0.3127,not_found,#ffffff00
14,0.0434,HA_G505A_A169T,0.0298,mammalian,#ffffff00
15,0.4186,HA_G519A_M173I,0.27865,avian,#ffffff00
16,0.0174,HA_T580C_S194P,0.019549999999999998,avian,#ffffff00
17,0.4478,HA_A596G_E199G,0.2895,not_found,#ffffff00
18,0.0349,HA_A622G_N208D,0.02382,not_found,#ffffff00
19,0.0322,HA_G641A_G214E,0.02473333333333333,mammalian,#ffffff00
20,0.0242,HA_A643G_S215G,0.0508,not_found,#ffffff00
21,0.0203,HA_G667A_V223I,0.0612,mammalian,#ffffff00
22,0.5823,HA_C683A_A228E,0.457790909090909,mammalian,#ffffff00
23,0.0571,HA_T704A_L235Q,0.32357857142857144,avian,#F4BB47
24,0.1175,HA_C707A_S236Y,0.07164999999999999,mammalian,#ffffff00
25,0.0168,HA_G735A_M245I,0.0168,mammalian,#ffffff00
26,0.038,HA_G859A_E287K,0.06118571428571428,mammalian,#ffffff00
27,0.0116,HA_G865A_D289N,0.0116,avian,#ffffff00
28,0.0201,HA_T893C_I298T,0.0201,mammalian,#ffffff00
29,0.0238,HA_G928A_A310T,0.0238,mammalian,#ffffff00
30,0.0172,HA_G1387A_E463K,0.0172,mammalian,#ffffff00
31,0.032,HA_C1433A_T478K,0.032,not_found,#ffffff00
32,0.1872,HA_G1537A_D513N,0.1069,mammalian,#ffffff00
33,0.0244,HA_T1544C_V515A,0.021966666666666666,not_found,#ffffff00
34,0.0296,M1_G80A_R27K,0.0296,not_found,#ffffff00
35,0.0107,M1_C328T_H110Y,0.015862499999999998,avian ,#ffffff00
36,0.0221,M1_G495A_M165I,0.0221,mammalian,#ffffff00
37,0.0266,M1_C503G_T168S,0.0266,avian,#ffffff00
38,0.0114,M1_C506T_T169I,0.0114,mammalian,#ffffff00
39,0.0189,M1_C578T_A193V,0.0352375,not_found,#ffffff00
40,0.015,M1_G609A_M203I,0.01895,avian,#ffffff00
41,0.0302,M1_G613A_V205I,0.0302,mammalian,#ffffff00
42,0.9751,M1_G629A_R210K,0.7896,not_found,#ffffff00
43,0.5832,M1_G655A_V219I,0.5103421052631578,mammalian,#F4BB47
44,0.0121,M1_G715A_A239T,0.0121,mammalian,#ffffff00
45,0.0343,M2_G729A_G14E,0.0343,mammalian,#ffffff00
46,0.013,M2_C753T_S22L,0.013,mammalian,#ffffff00
47,0.0257,M2_G760C_E24D,0.0257,,#ffffff00
48,0.0121,M2_C762T_P25L,0.014533333333333334,avian,#ffffff00
49,0.0472,M2_A927G_Q80R,0.0472,avian,#ffffff00
50,0.015599999999999998,M2_G954A_G89D,0.015599999999999998,avian,#ffffff00
51,0.013,NEP_G4A_D2N,0.027800000000000002,avian,#ffffff00
52,0.0504,NEP_C20T_S7L,0.0504,avian,#ffffff00
53,0.028,NEP_G503A_D11N,0.028,mammalian,#ffffff00
54,0.0343,NEP_G537A_R22K,0.07425294117647059,avian,#ffffff00
55,0.0125,NEP_C540T_S23F,0.01795,not_found,#ffffff00
56,0.0126,NEP_C543T_S24L,0.0126,not_found,#ffffff00
57,0.0243,NEP_G565A_M31I,0.0243,not_found ,#ffffff00
58,0.0168,NEP_C570T_T33I,0.014400000000000001,avian,#ffffff00
59,0.0208,NEP_C582T_S37F,0.018199999999999997,avian,#ffffff00
60,0.011,NEP_C590T_L40F,0.011,avian,#ffffff00
61,0.1155,NEP_G609A_G46E,0.14060526315789473,mammalian,#ffffff00
62,0.0142,NEP_G617A_A49T,0.02155,mammalian,#ffffff00
63,0.0205,NEP_G628A_M52I,0.02698,avian,#ffffff00
64,0.1773,NEP_C635T_L55F,0.04211666666666667,avian,#ffffff00
65,0.0118,NEP_A657C_N62T,0.01778,not_found,#ffffff00
66,0.0253,NEP_G660A_G63E,0.0253,not_found,#ffffff00
67,0.0184,NEP_G671A_E67K,0.02008333333333333,avian,#ffffff00
68,0.9996,NEP_A698G_I76V,0.9916333333333333,not_found,#ffffff00
69,0.0151,NEP_A728G_R86G,0.0151,mammalian,#ffffff00
70,0.0204,NEP_C782A_Q104K,0.0204,not_found,#ffffff00
71,0.0292,NP_G97A_V33I,0.0292,avian,#F4BB47
72,0.0148,NP_A100G_S34G,0.0148,avian,#ffffff00
73,0.0165,NP_G101A_S34N,0.017620000000000004,avian,#ffffff00
74,0.0262,NP_G149A_S50N,0.022287500000000002,mammalian,#ffffff00
75,0.0143,NP_A187G_I63V,0.0143,mammalian,#ffffff00
76,0.0338,NP_G194A_R65K,0.0338,mammalian,#ffffff00
77,0.0124,NP_C244T_H82Y,0.0124,not_found,#ffffff00
78,0.1324,NP_A272G_K91R,0.17251875,not_found,#ffffff00
79,0.0713,NP_G293A_R98K,0.04465,mammalian,#ffffff00
80,0.0108,NP_G299A_R100K,0.0108,not_found,#ffffff00
81,0.0106,NP_G313A_V105M,0.0106,avian ,#ffffff00
82,0.0104,NP_T326C_I109T,0.0104,avian,#ffffff00
83,0.0282,NP_G350A_R117K,0.018979999999999997,not_found,#ffffff00
84,0.016,NP_A571G_M191V,0.1368,mammalian,#ffffff00
85,0.0137,NP_A715G_M239V,0.0137,mammalian,#ffffff00
86,0.0348,NP_G850A_A284T,0.051516666666666676,mammalian,#ffffff00
87,0.035,NP_G874T_E292*,0.035,not_found,#ffffff00
88,0.0418,NP_C1007T_A336V,0.0294,not_found,#ffffff00
89,0.0188,NP_G1056A_M352I,0.0188,avian ,#ffffff00
90,0.2067,NP_G1117A_A373T,0.18861999999999998,avian,#ffffff00
91,0.416,NP_G1151A_R384K,0.2764,mammalian,#ffffff00
92,0.0132,NP_A1490G_D497G,0.039400000000000004,mammalian,#ffffff00
93,0.013,NS1_G4A_D2N,0.027800000000000002,avian,#ffffff00
94,0.0504,NS1_C20T_S7L,0.0504,not_found,#ffffff00
95,0.0114,NS1_G131A_R44K,0.0114,avian,#ffffff00
96,0.0231,NS1_G133A_G45R,0.029458333333333333,avian,#ffffff00
97,0.0119,NS1_G143A_S48N,0.01345,mammalian,#ffffff00
98,0.0168,NS1_G193A_V65M,0.022461538461538463,mammalian,#ffffff00
99,0.0133,NS1_G208A_E70K,0.0158,avian,#ffffff00
100,0.014,NS1_A215G_E72G,0.014,avian,#ffffff00
101,0.1091,NS1_C253T_P85S,0.139575,avian,#ffffff00
102,0.0479,NS1_A280G_T94A,0.0479,not_found,#ffffff00
103,0.0226,NS1_C283T_L95F,0.0226,not_found,#ffffff00
104,0.0111,NS1_G301A_D101N,0.014322222222222224,mammalian,#ffffff00
105,0.1102,NS1_G353A_R118K,0.030199999999999998,avian,#ffffff00
106,0.0126,NS1_G357A_M119I,0.0143,not_found,#ffffff00
107,0.0234,NS1_G370A_V124M,0.0213,mammalian,#ffffff00
108,0.0138,NS1_A380C_N127T,0.017366666666666666,avian,#ffffff00
109,0.0162,NS1_C484T_P162S,0.0152,mammalian,#ffffff00
110,0.028,NS1_G503A_G168E,0.028,mammalian,#ffffff00
111,0.0243,NS1_G565A_D189N,0.0243,not_found,#ffffff00
112,0.011,NS1_C590T_T197I,0.011,not_found,#ffffff00
113,0.1155,NS1_G609A_W203*,0.14060526315789473,mammalian,#ffffff00
114,0.0142,NS1_G617A_S206N,0.02155,mammalian,#ffffff00
115,0.0264,NS1_G625A_D209N,0.0264,mammalian,#ffffff00
116,0.0205,NS1_G628A_G210R,0.02698,avian,#ffffff00
117,0.0253,NS1_A631G_R211G,0.0253,mammalian,#ffffff00
118,0.1773,NS1_C635T_S212F,0.04211666666666667,avian,#ffffff00
119,0.0838,PA_T10C_F4L,0.0838,mammalian,#ffffff00
120,0.0386,PA_T12A_F4L,0.0386,mammalian,#ffffff00
121,0.0437,PA_G130A_V44I,0.0437,avian,#F4BB47
122,0.0135,PA_C194T_S65F,0.0135,avian,#ffffff00
123,0.025,PA_G295A_G99R,0.025,not_found,#ffffff00
124,0.094,PA_A302G_E101G,0.094,avian,#ffffff00
125,0.0148,PA_A387G_I129M,0.014100000000000001,avian,#ffffff00
126,0.0195,PA_T449A_F150Y,0.0195,not_found,#ffffff00
127,0.0541,PA_G691A_A231T,0.0541,avian,#ffffff00
128,0.014,PA_C799T_P267S,0.016866666666666665,mammalian,#ffffff00
129,0.0399,PA_C802T_L268F,0.10169090909090907,avian,#ffffff00
130,0.0183,PA_G806A_R269K,0.01525,mammalian,#ffffff00
131,0.0217,PA_G806T_R269I,0.0217,avian,#ffffff00
132,0.3358,PA_C811T_P271S,0.18367142857142854,mammalian ,#ffffff00
133,0.0237,PA_G1027A_A343T,0.02853333333333333,mammalian ,#ffffff00
134,0.0192,PA_A1037G_Q346R,0.0192,mammalian,#ffffff00
135,0.0222,PA_G1039A_D347N,0.023985714285714287,not_found,#ffffff00
136,0.0374,PA_A1046G_E349G,0.07448333333333333,mammalian,#ffffff00
137,0.3334,PA_C1070T_T357I,0.1794785714285714,not_found,#ffffff00
138,0.1632,PA_A1076G_N359S,0.46621666666666667,not_found,#ffffff00
139,0.0164,PA_G1151A_C384Y,0.024849999999999997,not_found,#ffffff00
140,0.0732,PA_A1226G_N409S,0.061727272727272735,avian,#F4BB47
141,0.0403,PA_G1342A_A448T,0.02165,avian,#ffffff00
142,0.1523,PA_G1552A_V518I,0.04995999999999999,not_found,#ffffff00
143,0.0314,PA_C1627A_L543I,0.02225,not_found,#ffffff00
144,0.0984,PA_G1644A_M548I,0.0675,mammalian,#ffffff00
145,0.0274,PA_G1660A_V554I,0.0295,mammalian,#ffffff00
146,0.124,PA_G1867A_E623K,0.0972846153846154,mammalian,#ffffff00
147,0.031,PA_C1873A_P625T,0.031,not_found,#ffffff00
148,0.0305,PA_G1879A_G627R,0.019716666666666667,not_found,#ffffff00
149,0.0243,PA_G1882A_V628M,0.029099999999999997,not_found,#ffffff00
150,0.0132,PA_G1891A_G631S,0.0132,not_found,#ffffff00
151,0.0183,PA_G1924T_A642S,0.018250000000000002,not_found,#ffffff00
152,0.1605,PA_C2014T_L672F,0.11552499999999999,not_found,#ffffff00
153,0.038,PA_G2044A_D682N,0.038,avian,#ffffff00
154,0.0254,PA_A2063G_E688G,0.025566666666666665,mammalian,#ffffff00
155,0.0295,PB1_G34A_V12M,0.0295,not_found,#ffffff00
156,0.0624,PB1_G226A_D76N,0.055221428571428574,avian,#ffffff00
157,0.0128,PB1_T448C_F150L,0.0128,not_found,#ffffff00
158,0.017,PB1_G452A_R151K,0.04823333333333333,not_found,#ffffff00
159,0.0324,PB1_G529A_E177K,0.0324,mammalian,#ffffff00
160,0.0284,PB1_G560A_R187K,0.024587499999999998,not_found,#ffffff00
161,0.0281,PB1_G598C_V200L,0.0236375,not_found,#ffffff00
162,0.0133,PB1_G632A_R211K,0.0133,mammalian,#ffffff00
163,0.0138,PB1_G644A_R215K,0.021825,mammalian,#ffffff00
164,0.0195,PB1_G647A_S216N,0.0195,avian,#ffffff00
165,0.0158,PB1_G769A_A257T,0.04673333333333333,avian,#ffffff00
166,0.0364,PB1_G860A_R287K,0.02475,mammalian,#ffffff00
167,0.0204,PB1_A886G_T296A,0.0204,not_found,#ffffff00
168,0.0102,PB1_G980A_R327K,0.017642857142857144,mammalian,#ffffff00
169,0.0226,PB1_G991A_E331K,0.0226,mammalian,#ffffff00
170,0.0319,PB1_A1042G_M348V,0.0319,not_found,#ffffff00
171,0.0186,PB1_G1082A_S361N,0.0154,mammalian,#ffffff00
172,0.1276,PB1_A1173C_K391N,0.1276,mammalian,#ffffff00
173,0.0248,PB1_T1190C_I397T,0.017371428571428572,avian,#ffffff00
174,0.0135,PB1_G1390A_D464N,0.019866666666666668,avian,#ffffff00
175,0.0796,PB1_A1603G_I535V,0.0796,mammalian,#ffffff00
176,0.0124,PB1_C1662A_D554E,0.054599999999999996,not_found,#ffffff00
177,0.292,PB1_G1688A_R563K,0.14723571428571422,mammalian,#ffffff00
178,0.0152,PB1_G1690A_G564S,0.0152,mammalian,#ffffff00
179,0.0398,PB1_C1697T_T566I,0.03436363636363636,not_found,#ffffff00
180,0.0109,PB1_G1717A_A573T,0.01676,not_found,#ffffff00
181,0.0236,PB1_T1795C_Y599H,0.0186375,not_found,#ffffff00
182,0.0588,PB1_T1826C_V609A,0.03123846153846154,not_found,#ffffff00
183,0.0186,PB1_A1841G_E614G,0.0186,mammalian,#ffffff00
184,0.0118,PB1_A2044G_I682V,0.0118,mammalian,#ffffff00
185,0.0426,PB1_A2090G_E697G,0.0426,mammalian,#ffffff00
186,0.0882,PB1_G2125A_V709I,0.0882,avian,#ffffff00
187,0.0135,PB1_T2188G_F730V,0.0135,not_found,#ffffff00
188,0.0347,PB1_A2270G_K757R,0.036,not_found,#ffffff00
189,0.0205,PB2_G25A_D9N,0.02495,avian,#ffffff00
190,0.0442,PB2_A88C_I30L,0.07135,not_found,#ffffff00
191,0.0172,PB2_A161G_K54R,0.02033333333333333,mammalian,#ffffff00
192,0.0117,PB2_G185A_R62K,0.01335,mammalian,#ffffff00
193,0.0144,PB2_G209A_R70K,0.0144,avian,#ffffff00
194,0.1584,PB2_T246G_N82K,0.2824294117647059,not_found,#ffffff00
195,0.0217,PB2_G259A_D87N,0.02275,avian,#ffffff00
196,0.0168,PB2_A260G_D87G,0.018083333333333333,not_found,#ffffff00
197,0.0136,PB2_G325A_V109I,0.02255,avian,#ffffff00
198,0.013000000000000001,PB2_A349C_T117P,0.013000000000000001,avian,#ffffff00
199,0.0131,PB2_A441G_I147M,0.0131,mammalian,#ffffff00
200,0.0204,PB2_G464A_S155N,0.0204,mammalian,#F4BB47
201,0.0148,PB2_T548C_L183S,0.0148,mammalian,#ffffff00
202,0.0797,PB2_A553G_I185V,0.07394999999999999,mammalian,#ffffff00
203,0.0698,PB2_G562A_E188K,0.0698,mammalian,#ffffff00
204,0.0605,PB2_G595A_A199T,0.05296666666666666,mammalian,#ffffff00
205,0.0162,PB2_G618A_M206I,0.0162,mammalian,#ffffff00
206,0.013,PB2_C662T_A221V,0.013,not_found,#ffffff00
207,0.0308,PB2_A727G_M243V,0.0308,not_found,#ffffff00
208,0.0187,PB2_G752A_R251K,0.0242875,mammalian,#ffffff00
209,0.0174,PB2_G820A_A274T,0.0174,mammalian,#ffffff00
210,0.0167,PB2_A856G_S286G,0.04736666666666667,avian,#ffffff00
211,0.0129,PB2_G1019A_R340K,0.0129,not_found,#ffffff00
212,0.022,PB2_T1225C_C409R,0.07865,avian,#ffffff00
213,0.2738,PB2_C1358T_P453L,0.13643333333333332,mammalian ,#ffffff00
214,0.0181,PB2_C1412T_T471I,0.0181,not_found,#ffffff00
215,0.0137,PB2_A1445G_K482R,0.0137,mammalian,#F4BB47
216,0.0803,PB2_A1577G_K526R,0.0803,avian,#F4BB47
217,0.0326,PB2_C1595T_S532L,0.0326,not_found,#ffffff00
218,0.0214,PB2_C1601T_S534F,0.0214,not_found,#ffffff00
219,0.0207,PB2_G1699A_D567N,0.06703333333333333,avian,#ffffff00
220,0.0214,PB2_G1762A_A588T,0.0214,avian,#F4BB47
221,0.0248,PB2_C1763T_A588V,0.0248,mammalian,#F4BB47
222,0.0103,PB2_A1879G_K627E,0.0103,mammalian,#F4BB47
223,0.0276,PB2_A1880G_E627G,0.0276,not_found,#ffffff00
224,0.0159,PB2_T1943C_V648A,0.01485,avian,#ffffff00
225,0.014,PB2_A1996T_T666S,0.014,avian,#ffffff00
226,0.0231,PB2_C2021T_A674V,0.05224000000000001,mammalian,#ffffff00
227,0.0167,PB2_G2050A_A684T,0.026966666666666667,avian,#ffffff00
228,0.3783,PB2_G2101A_D701N,0.28448333333333337,mammalian,#F4BB47
229,0.2482,PB2_G2108A_R703K,0.1844,not_found,#ffffff00
230,0.0204,PB2_A2131G_N711D,0.0204,mammalian,#ffffff00
231,0.0115,PB2_C2150T_A717V,0.0136,not_found,#ffffff00
232,0.0506,PB2_A2239G_S747G,0.0506,not_found,#ffffff00
233,0.19,NA_C29T_T10I,0.4572944444444445,not_found,#ffffff00
234,0.0241,NA_C32T_S11L,0.021783333333333335,avian,#ffffff00
235,0.0142,NA_G40A_A14T,0.0142,mammalian,#ffffff00
236,0.0166,NA_G64A_V22I,0.0339,avian,#ffffff00
237,0.0158,NA_G101A_G34E,0.0158,avian,#ffffff00
238,0.0122,NA_C152T_T51I,0.01939,avian,#ffffff00
239,0.0199,NA_G220A_E74K,0.02735,avian,#ffffff00
240,0.0152,NA_G318T_E106D,0.0152,not_found,#ffffff00
241,0.0136,NA_G410A_R137K,0.0136,not_found,#ffffff00
242,0.0173,NA_C482T_S161L,0.0173,not_found,#ffffff00
243,0.0122,NA_A587C_N196T,0.0122,not_found,#ffffff00
244,0.0262,NA_C731T_T244I,0.0262,not_found,#ffffff00
245,0.0159,NA_G789T_E263D,0.0159,mammalian,#ffffff00
246,0.9855,NA_A866G_K289R,0.9856499999999999,mammalian,#ffffff00
247,0.0786,NA_A898G_I300V,0.039038461538461536,mammalian,#F4BB47
248,0.989,NA_G916A_A306T,0.9874833333333335,mammalian,#ffffff00
249,0.0187,NA_G1093A_A365T,0.01465,mammalian,#ffffff00
250,0.0116,NA_G1148A_R383K,0.01125,mammalian,#ffffff00
251,0.0258,NA_A1195T_S399C,0.02488888888888889,avian,#ffffff00
252,0.0485,NA_A1294G_K432E,0.026954545454545453,mammalian,#ffffff00
253,0.3531,NA_A1379G_K460R,0.27135999999999993,avian,#ffffff00
